name,embeddings
me.jpg,"[[-0.00467738 -0.00669369 -0.27734086 ...  0.24287826  0.5832167
   0.03066131]]"
JenniferAniston.jpg,"[[-0.00312578  0.09696034 -0.23893164 ...  0.33116233  0.6607736
   0.23473033]]"
MarkZuckerberg.jpg,[[0.07023871 0.19744313 0.08130693 ... 0.23512402 0.6379422  0.10065982]]
DianaPenty.jpg,"[[ 0.1627687   0.21464537 -0.0174934  ...  0.00766808  0.5412543
  -0.15911722]]"
